id,first_name,last_name,email,gender,ip_address
1,Dale,Laverty,dlaverty0@ihg.com,Male,157.255.203.251
2,Chrisse,Bolton,cbolton1@icio.us,Male,233.55.174.68
3,Erika,Gill,egill2@epa.gov,Female,140.20.5.212
4,Ban,Leteurtre,bleteurtre3@usatoday.com,Male,79.153.160.198
5,Siusan,Eggleton,seggleton4@t-online.de,Female,45.212.186.16
6,Tobe,Itshak,titshak5@google.de,Male,213.74.31.63
7,Ciro,Schroter,cschroter6@pen.io,Male,45.228.36.130
8,Willette,Handrek,whandrek7@msn.com,Female,116.161.229.255
9,Ward,Eyrl,weyrl8@jimdo.com,Male,93.83.78.142
10,Malia,Matej,mmatej9@linkedin.com,Female,200.158.156.255
11,Shandee,Lamplough,slamplougha@ehow.com,Female,170.156.49.156
12,Massimo,Koenen,mkoenenb@fc2.com,Male,61.3.1.247
13,Franzen,Letherbury,fletherburyc@dagondesign.com,Male,69.155.129.137
14,Ware,O'Gready,wogreadyd@hugedomains.com,Male,87.105.224.251
15,Kit,Molnar,kmolnare@ebay.com,Female,147.64.182.94
16,Sissie,Sherman,sshermanf@scientificamerican.com,Female,134.75.253.134
17,Dulciana,Dewberry,ddewberryg@tinypic.com,Female,153.200.70.200
18,Drucie,Haley,dhaleyh@chron.com,Female,80.132.119.99
19,Shell,Goodenough,sgoodenoughi@amazon.co.jp,Male,232.158.249.80
20,Dominick,Sturton,dsturtonj@yellowbook.com,Male,32.79.200.44
21,Peyton,Deegin,pdeegink@themeforest.net,Male,51.154.56.15
22,Reba,Pearne,rpearnel@oaic.gov.au,Female,60.100.248.34
23,Waldon,Village,wvillagem@nydailynews.com,Male,203.17.6.112
24,Em,Titcomb,etitcombn@rambler.ru,Female,236.193.0.142
25,Whitney,Luckwell,wluckwello@go.com,Male,244.212.174.95
26,Terrill,Labuschagne,tlabuschagnep@stumbleupon.com,Male,187.7.116.177
27,Kimmie,Karleman,kkarlemanq@narod.ru,Female,174.102.190.126
28,Carlyle,Wildt,cwildtr@simplemachines.org,Male,42.99.202.249
29,Boy,Aveyard,baveyards@discuz.net,Male,253.71.158.230
30,Zebulon,Weinmann,zweinmannt@xing.com,Male,171.128.45.88
31,Dur,Serrell,dserrellu@umn.edu,Male,120.255.245.213
32,Udell,Hanington,uhaningtonv@51.la,Male,205.196.172.88
33,Trudi,Charman,tcharmanw@paginegialle.it,Female,246.66.55.83
34,Lukas,Abatelli,labatellix@t.co,Male,39.243.239.146
35,Northrop,Couldwell,ncouldwelly@etsy.com,Male,187.34.135.186
36,Gennifer,Ayerst,gayerstz@cam.ac.uk,Female,212.106.119.245
37,Reggy,Tatershall,rtatershall10@unc.edu,Male,32.157.103.232
38,Gonzales,Caldayrou,gcaldayrou11@free.fr,Male,170.199.237.26
39,Winnie,Soda,wsoda12@washingtonpost.com,Female,118.145.145.76
40,Bernetta,Curror,bcurror13@diigo.com,Female,146.209.93.122
41,Benetta,Screase,bscrease14@youtu.be,Female,222.83.58.83
42,Jody,Kruse,jkruse15@youtu.be,Male,206.118.113.186
43,Bettye,Yedy,byedy16@zimbio.com,Female,56.243.146.255
44,Damita,Osgar,dosgar17@ifeng.com,Female,145.154.178.255
45,Shandy,Rosenblad,srosenblad18@nydailynews.com,Female,185.112.22.121
46,Feliks,Emerine,femerine19@wordpress.com,Male,187.217.219.113
47,Georgetta,Smalls,gsmalls1a@nba.com,Female,209.88.12.24
48,Gerladina,Monckman,gmonckman1b@ovh.net,Female,40.128.162.219
49,Kacey,Yaknov,kyaknov1c@nymag.com,Female,69.15.8.140
50,Anders,Walcar,awalcar1d@shareasale.com,Male,130.120.196.200
51,Chantalle,Beddis,cbeddis1e@walmart.com,Female,72.45.179.195
52,Modestine,Woolaghan,mwoolaghan1f@nasa.gov,Female,108.145.58.107
53,Maye,Siemons,msiemons1g@ycombinator.com,Female,205.172.238.88
54,Robinia,Dey,rdey1h@topsy.com,Female,74.115.108.39
55,Terrence,Oller,toller1i@etsy.com,Male,179.69.88.103
56,Denys,Evamy,devamy1j@desdev.cn,Female,32.12.172.156
57,Kelsi,Poter,kpoter1k@youku.com,Female,31.244.95.17
58,Omero,Bennetts,obennetts1l@twitpic.com,Male,190.139.117.111
59,Augustine,Hallad,ahallad1m@bloglines.com,Female,250.15.211.72
60,Vasilis,Clayborn,vclayborn1n@hc360.com,Male,252.124.157.106
61,Jobina,Artrick,jartrick1o@buzzfeed.com,Female,209.249.231.254
62,Merci,Romme,mromme1p@stumbleupon.com,Female,157.79.67.209
63,Pauline,Standfield,pstandfield1q@shop-pro.jp,Female,66.34.139.163
64,Iris,Broker,ibroker1r@barnesandnoble.com,Female,176.38.91.7
65,Winnie,Cansdell,wcansdell1s@e-recht24.de,Male,246.53.16.52
66,Isabeau,McGowing,imcgowing1t@g.co,Female,7.141.81.42
67,Vasilis,Pheasey,vpheasey1u@msu.edu,Male,116.42.90.161
68,Saxon,Lancley,slancley1v@lycos.com,Male,145.107.64.111
69,Ced,Conkling,cconkling1w@narod.ru,Male,172.195.154.90
70,Kellby,Rattenberie,krattenberie1x@purevolume.com,Male,204.37.120.244
71,Hertha,Sleightholm,hsleightholm1y@skyrock.com,Female,192.205.14.193
72,Brigg,Craiker,bcraiker1z@senate.gov,Male,236.192.69.127
73,Christabel,Fabry,cfabry20@imdb.com,Female,107.176.102.190
74,Tomkin,Delieu,tdelieu21@vkontakte.ru,Male,181.13.119.240
75,Sinclair,Scoffham,sscoffham22@homestead.com,Male,107.51.57.18
76,Glad,Limrick,glimrick23@mlb.com,Female,92.117.206.98
77,Samara,Chippendale,schippendale24@skyrock.com,Female,72.204.127.241
78,Halsy,Blanchet,hblanchet25@furl.net,Male,44.87.48.211
79,Lanni,Cloney,lcloney26@imdb.com,Female,5.105.124.6
80,Yvette,Sizeland,ysizeland27@ameblo.jp,Female,213.96.194.91
81,Gerald,Farnaby,gfarnaby28@vinaora.com,Male,28.103.134.251
82,Patience,Barens,pbarens29@java.com,Female,236.53.222.14
83,Penny,Bastow,pbastow2a@unesco.org,Female,166.126.39.146
84,Delmer,Debell,ddebell2b@webnode.com,Male,154.232.64.207
85,Kelsey,Houlison,khoulison2c@businesswire.com,Male,63.71.39.162
86,Gabrila,Gisbourn,ggisbourn2d@reverbnation.com,Female,139.29.27.194
87,Reagen,Stapylton,rstapylton2e@blinklist.com,Male,83.75.11.11
88,Marlow,Slowgrove,mslowgrove2f@weather.com,Male,94.230.112.201
89,Gayleen,Skitterel,gskitterel2g@europa.eu,Female,67.87.88.201
90,Edlin,McGurn,emcgurn2h@prlog.org,Male,1.196.149.207
91,Lacie,Dealy,ldealy2i@howstuffworks.com,Female,139.129.153.137
92,Joellyn,McKnockiter,jmcknockiter2j@utexas.edu,Female,112.135.171.32
93,Nada,Buie,nbuie2k@pinterest.com,Female,139.9.86.35
94,Flo,Elphick,felphick2l@dell.com,Female,139.152.123.200
95,Ches,Rizzardini,crizzardini2m@si.edu,Male,149.27.168.34
96,Ginevra,Allanson,gallanson2n@blogtalkradio.com,Female,255.79.175.212
97,Hughie,Alcido,halcido2o@bloomberg.com,Male,144.55.194.147
98,Marietta,Drysdall,mdrysdall2p@wikimedia.org,Male,179.45.215.1
99,Hanson,Marquess,hmarquess2q@i2i.jp,Male,183.54.252.71
100,Vail,Colebourne,vcolebourne2r@github.com,Male,196.248.165.55
101,Ellynn,Balloch,eballoch2s@omniture.com,Female,117.156.0.153
102,Rayna,Lamberti,rlamberti2t@engadget.com,Female,219.234.23.210
103,Walker,Haccleton,whaccleton2u@ed.gov,Male,103.186.222.86
104,Nerta,Kemmett,nkemmett2v@jugem.jp,Female,192.35.100.14
105,Cacilia,Melendez,cmelendez2w@nhs.uk,Female,241.57.11.23
106,Drew,Pietruszka,dpietruszka2x@senate.gov,Male,155.25.90.89
107,Conroy,Siviour,csiviour2y@cnn.com,Male,93.81.187.72
108,Eldridge,Sclanders,esclanders2z@trellian.com,Male,38.95.123.46
109,Aylmar,Hodgets,ahodgets30@archive.org,Male,216.226.50.40
110,Tann,Glenwright,tglenwright31@rakuten.co.jp,Male,17.63.67.64
111,Alfredo,Bowmen,abowmen32@discuz.net,Male,133.198.171.228
112,Guendolen,Dugan,gdugan33@dion.ne.jp,Female,240.101.68.84
113,Walker,Judd,wjudd34@washington.edu,Male,26.20.39.223
114,Marilin,Milmoe,mmilmoe35@mail.ru,Female,136.53.20.55
115,Kimberley,Brosi,kbrosi36@acquirethisname.com,Female,183.74.231.68
116,Burty,De Gogay,bdegogay37@hatena.ne.jp,Male,179.226.202.222
117,Early,Clare,eclare38@odnoklassniki.ru,Male,102.29.36.149
118,Mariette,Burkinshaw,mburkinshaw39@is.gd,Female,66.54.139.48
119,Karleen,Biasioni,kbiasioni3a@youtu.be,Female,31.96.119.91
120,Heidi,Wholesworth,hwholesworth3b@home.pl,Female,217.124.14.207
121,Konstance,Ivanshintsev,kivanshintsev3c@amazon.de,Female,97.148.15.35
122,Aurea,Hirtz,ahirtz3d@indiatimes.com,Female,25.210.80.24
123,Pepita,Streeton,pstreeton3e@godaddy.com,Female,57.7.39.31
124,Cammy,Grint,cgrint3f@jigsy.com,Male,225.193.88.31
125,Christie,Gilloran,cgilloran3g@flickr.com,Male,90.186.185.125
126,Alethea,Japp,ajapp3h@about.me,Female,175.221.164.214
127,Brett,Shafier,bshafier3i@ft.com,Female,100.164.29.251
128,Teodor,Warr,twarr3j@gnu.org,Male,111.152.47.43
129,Asher,Corradi,acorradi3k@google.com.hk,Male,131.237.9.184
130,Randene,Turrell,rturrell3l@behance.net,Female,136.232.3.79
131,Griffy,Dickens,gdickens3m@guardian.co.uk,Male,62.208.66.21
132,Ermin,Castanos,ecastanos3n@globo.com,Male,70.1.38.203
133,Patton,Sephton,psephton3o@umich.edu,Male,78.127.117.196
134,Geno,Wort,gwort3p@51.la,Male,112.157.146.30
135,Myrtle,Canty,mcanty3q@wunderground.com,Female,10.1.232.43
136,Ara,Croughan,acroughan3r@state.tx.us,Female,195.183.146.156
137,Lou,Brackenridge,lbrackenridge3s@google.it,Female,248.66.33.141
138,Lila,Snailham,lsnailham3t@github.io,Female,96.155.204.194
139,Fabe,Dellar,fdellar3u@oaic.gov.au,Male,36.62.235.246
140,Chandal,Runcieman,cruncieman3v@moonfruit.com,Female,83.50.207.31
141,Justinian,Valti,jvalti3w@prlog.org,Male,237.167.180.33
142,Alistair,Buffin,abuffin3x@hp.com,Male,21.182.54.45
143,Shawna,Castellaccio,251momo@symantec.com,Female,247.192.108.89
144,Milka,Bleckly,mbleckly3z@telegraph.co.uk,Female,152.106.38.112
145,Jeniffer,Ridgley,jridgley40@who.int,Female,199.174.190.242
146,Antoine,Shanks,ashanks41@bbc.co.uk,Male,8.38.58.203
147,Fanny,Koppke,fkoppke42@free.fr,Female,95.234.29.92
148,Maxy,Dockwray,mdockwray43@biglobe.ne.jp,Female,157.176.19.175
149,Shanta,Kleinpeltz,skleinpeltz44@themeforest.net,Female,176.33.97.141
150,Marilyn,Cooke,mcooke45@arizona.edu,Female,6.118.1.111
151,Albrecht,Ackerley,aackerley46@flavors.me,Male,6.45.14.251
152,Drucie,Saffle,dsaffle47@stumbleupon.com,Female,71.134.66.60
153,Nicki,Vogeller,nvogeller48@wordpress.com,Female,125.148.89.255
154,Andras,Abley,aabley49@accuweather.com,Male,41.103.192.118
155,Jasper,Tomlett,jtomlett4a@ucoz.ru,Male,9.202.53.8
156,Kaye,Oak,koak4b@t.co,Female,223.205.152.52
157,Flory,Summerson,fsummerson4c@moonfruit.com,Male,239.180.145.161
158,Maris,Breitler,mbreitler4d@ucla.edu,Female,233.178.29.41
159,Korrie,Lardeux,klardeux4e@columbia.edu,Female,4.234.41.69
160,Saunders,Hunstone,shunstone4f@nationalgeographic.com,Male,213.163.202.141
161,Nat,Jindracek,njindracek4g@google.ru,Female,250.36.158.104
162,Horten,Roblett,hroblett4h@homestead.com,Male,17.202.1.144
163,Cristian,Barczewski,cbarczewski4i@gov.uk,Male,148.117.28.62
164,Alyssa,Mac Giany,amacgiany4j@issuu.com,Female,155.173.90.178
165,Irina,Axcel,iaxcel4k@globo.com,Female,240.91.245.79
166,Gardner,Atcherley,gatcherley4l@mozilla.org,Male,168.187.137.74
167,Marabel,Leschelle,mleschelle4m@utexas.edu,Female,95.24.150.200
168,Charlot,Rodolico,crodolico4n@craigslist.org,Female,249.4.198.97
169,Jules,Jossel,jjossel4o@comsenz.com,Male,157.189.51.176
170,Elaina,Sangar,esangar4p@nih.gov,Female,105.237.241.47
171,Arvin,Weaben,aweaben4q@sitemeter.com,Male,91.36.88.228
172,Georgie,Cockett,gcockett4r@domainmarket.com,Male,203.219.192.153
173,Josselyn,Mcmanaman,jmcmanaman4s@skype.com,Female,123.139.116.246
174,Selia,Knight,sknight4t@ibm.com,Female,180.189.15.171
175,Cleon,Kiln,ckiln4u@jiathis.com,Male,16.235.169.211
176,Maisey,Bradborne,mbradborne4v@webeden.co.uk,Female,169.155.189.240
177,Dinah,Dallyn,ddallyn4w@moonfruit.com,Female,156.239.196.240
178,Alfred,Crowest,acrowest4x@yolasite.com,Male,222.12.42.93
179,Tressa,Cowderoy,tcowderoy4y@ox.ac.uk,Female,158.92.244.118
180,Marj,Coughan,mcoughan4z@wired.com,Female,95.178.231.185
181,Babita,Matzkaitis,bmatzkaitis50@miitbeian.gov.cn,Female,33.246.56.229
182,Fawn,Giral,fgiral51@nasa.gov,Female,140.118.130.61
183,Ade,Weddell,aweddell52@nyu.edu,Male,63.115.109.254
184,Merrily,Iskowicz,miskowicz53@ow.ly,Female,138.68.82.22
185,Lucius,Kopfen,lkopfen54@bloomberg.com,Male,90.123.66.210
186,Zebulon,Westney,zwestney55@slashdot.org,Male,51.139.163.123
187,Fax,Chezelle,fchezelle56@goo.ne.jp,Male,18.5.33.92
188,Levi,Dubois,ldubois57@cnbc.com,Male,126.141.176.27
189,Missy,Meiner,mmeiner58@archive.org,Female,148.123.246.186
190,Francoise,Scranedge,fscranedge59@multiply.com,Female,216.29.148.162
191,Marne,Peskin,mpeskin5a@symantec.com,Female,59.11.167.108
192,Timotheus,Quadling,tquadling5b@loc.gov,Male,129.94.37.27
193,Kelcie,Burvill,kburvill5c@howstuffworks.com,Female,144.34.105.86
194,Remus,Payze,rpayze5d@w3.org,Male,187.93.22.52
195,Onfre,Murtagh,omurtagh5e@cafepress.com,Male,94.201.19.72
196,Elmer,Nuemann,enuemann5f@diigo.com,Male,8.8.131.119
197,Aldon,Anthoney,aanthoney5g@amazon.de,Male,21.216.136.84
198,Tate,Newberry,tnewberry5h@php.net,Female,125.129.249.43
199,Ginny,Pryor,gpryor5i@bravesites.com,Female,34.132.133.58
200,Gilbertina,Murney,gmurney5j@hao123.com,Female,45.145.166.222
201,Patrice,Bungey,pbungey5k@europa.eu,Female,53.185.78.34
202,Brendin,Repp,brepp5l@unblog.fr,Male,230.110.205.89
203,Vivianne,Ffrench,vffrench5m@flickr.com,Female,174.102.107.115
204,Avram,Bourdice,abourdice5n@blogger.com,Male,134.131.252.141
205,Baxy,Moakes,bmoakes5o@fastcompany.com,Male,212.101.135.2
206,Benji,Collip,bcollip5p@yahoo.co.jp,Male,213.0.89.214
207,Arvy,Kenwyn,akenwyn5q@joomla.org,Male,253.110.164.85
208,Dena,Tregunnah,dtregunnah5r@instagram.com,Female,160.162.245.228
209,Neale,Parzis,nparzis5s@weather.com,Male,103.227.53.132
210,Betteanne,Beddow,bbeddow5t@facebook.com,Female,198.11.140.115
211,Raffaello,MacKilroe,rmackilroe5u@networkadvertising.org,Male,152.233.18.71
212,Rosette,Linton,rlinton5v@dot.gov,Female,187.230.192.55
213,Jock,Garnar,jgarnar5w@hexun.com,Male,145.103.186.59
214,Frazer,Lebarree,flebarree5x@toplist.cz,Male,209.2.127.107
215,Valentia,Pleasance,vpleasance5y@pagesperso-orange.fr,Female,208.33.80.163
216,Penny,Willows,pwillows5z@ezinearticles.com,Male,83.73.239.251
217,Shayne,MacEllen,smacellen60@bbc.co.uk,Male,140.192.37.198
218,Dulciana,Tregian,dtregian61@skyrock.com,Female,43.80.185.96
219,Bernetta,Mayward,bmayward62@cmu.edu,Female,42.228.63.85
220,Liuka,Lamburne,llamburne63@paypal.com,Female,87.54.71.233
221,Ruperto,Boyfield,rboyfield64@fotki.com,Male,65.181.56.216
222,Ulric,Buck,ubuck65@timesonline.co.uk,Male,114.23.197.210
223,Christi,Cuff,ccuff66@china.com.cn,Female,43.250.158.96
224,Tobye,Jepson,tjepson67@microsoft.com,Female,174.229.128.18
225,Guthry,Youel,gyouel68@networksolutions.com,Male,5.141.109.46
226,Catarina,Rhyme,crhyme69@scientificamerican.com,Female,107.219.146.179
227,Gerti,Lovel,glovel6a@bizjournals.com,Female,190.35.244.92
228,Gwennie,Lazenby,glazenby6b@amazon.com,Female,46.48.77.230
229,Nadya,Veasey,nveasey6c@irs.gov,Female,152.21.39.166
230,Portie,Kwiek,pkwiek6d@hubpages.com,Male,19.209.167.114
231,Dale,Fawthorpe,dfawthorpe6e@qq.com,Female,7.70.182.85
232,Luciana,Kennford,lkennford6f@google.pl,Female,80.6.35.147
233,Seth,Hercock,shercock6g@tuttocitta.it,Male,69.45.121.136
234,Meridith,Wrout,mwrout6h@yelp.com,Female,17.96.243.73
235,Harbert,Dudliston,hdudliston6i@toplist.cz,Male,54.67.113.214
236,Viviyan,Barlthrop,vbarlthrop6j@disqus.com,Female,34.83.22.138
237,Ashia,Knowller,aknowller6k@nature.com,Female,12.112.96.212
238,Bethina,Heisler,bheisler6l@cam.ac.uk,Female,48.186.219.77
239,Kally,McIleen,kmcileen6m@shareasale.com,Female,56.159.113.57
240,Olav,Coraini,ocoraini6n@chicagotribune.com,Male,118.61.198.219
241,Jesse,Ebbins,jebbins6o@census.gov,Female,131.171.254.229
242,Cherida,Padell,cpadell6p@whitehouse.gov,Female,89.159.208.69
243,Laurie,Schroter,lschroter6q@yale.edu,Female,57.248.53.140
244,Tammie,Hinstridge,thinstridge6r@yellowbook.com,Male,228.49.252.147
245,Simone,Kingswold,skingswold6s@opera.com,Female,45.114.42.83
246,Nerita,Forgan,nforgan6t@yellowpages.com,Female,41.180.216.57
247,Tybalt,Booij,tbooij6u@parallels.com,Male,32.75.177.98
248,Cull,Greendale,cgreendale6v@wikimedia.org,Male,194.114.4.199
249,Russ,Matteucci,rmatteucci6w@intel.com,Male,226.10.132.199
250,Alverta,Doggrell,adoggrell6x@biglobe.ne.jp,Female,71.149.149.66
251,Joycelin,Caslin,jcaslin6y@storify.com,Female,225.197.217.115
252,Willem,Nibley,wnibley6z@timesonline.co.uk,Male,111.66.70.57
253,Gualterio,Mitchely,gmitchely70@techcrunch.com,Male,113.69.238.168
254,Ursula,Rosenbusch,urosenbusch71@reddit.com,Female,179.50.245.192
255,Drusi,Pecha,dpecha72@usgs.gov,Female,135.182.111.179
256,Cyril,Dugdale,cdugdale73@tiny.cc,Male,148.64.126.181
257,Aleta,Bachellier,abachellier74@xing.com,Female,47.95.152.158
258,Lottie,Le Friec,llefriec75@discovery.com,Female,218.132.243.234
259,Zia,Witz,zwitz76@hp.com,Female,116.106.58.169
260,Michel,Raith,mraith77@baidu.com,Male,168.143.169.199
261,Jenda,Lapish,jlapish78@deviantart.com,Female,75.112.253.72
262,Leonidas,Thirlaway,lthirlaway79@intel.com,Male,118.124.84.251
263,Berenice,Lilie,blilie7a@amazon.co.jp,Female,21.223.68.141
264,Verine,Bravery,vbravery7b@angelfire.com,Female,70.20.83.43
265,Bella,Gouldie,bgouldie7c@posterous.com,Female,18.9.128.39
266,Adrian,Champerlen,achamperlen7d@epa.gov,Female,163.246.45.25
267,Bridgette,West,bwest7e@statcounter.com,Female,151.113.202.247
268,Balduin,Canby,bcanby7f@examiner.com,Male,54.36.109.215
269,Vasilis,Riccardi,vriccardi7g@unc.edu,Male,112.143.205.119
270,Sibyl,Iacovini,siacovini7h@cpanel.net,Female,198.76.57.56
271,Allie,Hadenton,ahadenton7i@mysql.com,Female,171.140.208.136
272,Base,Esgate,besgate7j@adobe.com,Male,3.175.217.211
273,Phillie,Zellick,pzellick7k@posterous.com,Female,136.245.143.70
274,Leta,Bernardo,lbernardo7l@bing.com,Female,176.164.93.13
275,Barb,Emmitt,bemmitt7m@census.gov,Female,172.85.112.191
276,Dalis,Thompsett,dthompsett7n@themeforest.net,Male,248.237.196.94
277,Josephina,Gartside,jgartside7o@howstuffworks.com,Female,49.37.18.220
278,Grethel,Ogden,gogden7p@ft.com,Female,40.58.148.221
279,Selestina,Dodgshon,sdodgshon7q@whitehouse.gov,Female,139.124.148.24
280,Tailor,Renols,trenols7r@tinyurl.com,Male,6.201.189.82
281,Debee,Labeuil,dlabeuil7s@wikimedia.org,Female,215.128.9.89
282,Jazmin,Ronchetti,jronchetti7t@cbc.ca,Female,233.211.93.89
283,Clara,MacGillreich,cmacgillreich7u@whitehouse.gov,Female,196.4.122.120
284,Ogden,Skilling,oskilling7v@house.gov,Male,90.80.180.122
285,Kelcy,Hendrikse,khendrikse7w@aol.com,Female,129.9.36.217
286,Bevvy,Sempill,bsempill7x@sun.com,Female,54.175.201.177
287,Bibby,Pinnegar,bpinnegar7y@usatoday.com,Female,224.34.112.72
288,Debi,Tregiddo,dtregiddo7z@networksolutions.com,Female,189.67.50.139
289,Carlota,Luker,cluker80@wikipedia.org,Female,249.212.248.38
290,Esmaria,Warricker,ewarricker81@csmonitor.com,Female,20.45.190.240
291,Hadrian,Sircomb,hsircomb82@nps.gov,Male,155.218.98.15
292,Milzie,Suett,msuett83@hibu.com,Female,3.162.147.170
293,Luella,Jacquemard,ljacquemard84@myspace.com,Female,131.13.25.232
294,Rosa,Roubottom,rroubottom85@newyorker.com,Female,152.238.26.51
295,Emma,Swine,eswine86@mozilla.com,Female,211.243.16.113
296,Nerta,Valentinuzzi,nvalentinuzzi87@tinypic.com,Female,170.217.125.248
297,Sharyl,Gresser,sgresser88@exblog.jp,Female,122.185.188.165
298,Chicky,Kennham,ckennham89@cnet.com,Male,188.67.212.182
299,Cherilyn,Boord,cboord8a@bloglines.com,Female,231.115.190.101
300,Cornela,Boarer,cboarer8b@addtoany.com,Female,4.135.104.60
301,Fawnia,Woodruff,fwoodruff8c@boston.com,Female,104.220.40.129
302,Madelina,Melmeth,mmelmeth8d@samsung.com,Female,9.195.31.114
303,Oberon,Daniell,odaniell8e@sakura.ne.jp,Male,237.18.29.78
304,Gerrard,Shepstone,gshepstone8f@multiply.com,Male,131.131.161.84
305,Velma,Cargon,vcargon8g@symantec.com,Female,105.217.47.68
306,Edythe,MacCafferky,emaccafferky8h@dropbox.com,Female,52.189.48.230
307,Judy,Lafranconi,jlafranconi8i@telegraph.co.uk,Female,143.222.128.72
308,Doloritas,Bushby,dbushby8j@odnoklassniki.ru,Female,55.141.12.249
309,Rosina,Boate,rboate8k@ebay.com,Female,42.30.181.146
310,Melisenda,Sheards,msheards8l@pbs.org,Female,16.20.117.250
311,Aron,Repper,arepper8m@stumbleupon.com,Male,75.253.129.42
312,Sebastiano,Kik,skik8n@tinypic.com,Male,123.155.255.226
313,Modestia,Kyteley,mkyteley8o@live.com,Female,187.69.32.134
314,Isis,Ownsworth,iownsworth8p@ameblo.jp,Female,245.219.46.119
315,Wildon,Arkow,warkow8q@freewebs.com,Male,171.97.83.59
316,Oliviero,Gullis,ogullis8r@ycombinator.com,Male,206.2.247.143
317,Hube,Genny,hgenny8s@sciencedirect.com,Male,23.29.174.114
318,Dame,Hayhurst,dhayhurst8t@amazon.co.uk,Male,40.117.22.248
319,Nevile,Wilkerson,nwilkerson8u@salon.com,Male,15.199.44.16
320,Kurt,Threadgold,kthreadgold8v@mapquest.com,Male,10.217.202.35
321,Devin,Lahive,dlahive8w@marketwatch.com,Male,139.95.248.82
322,Anna,Gresham,agresham8x@sciencedaily.com,Female,59.17.144.77
323,Jarib,Gon,jgon8y@merriam-webster.com,Male,39.179.79.3
324,Nealson,Gilbart,ngilbart8z@etsy.com,Male,49.101.109.138
325,Sandro,Whittall,swhittall90@arstechnica.com,Male,21.61.145.68
326,Dehlia,Woodage,dwoodage91@people.com.cn,Female,47.141.43.11
327,King,Gorwood,kgorwood92@sun.com,Male,136.149.67.50
328,Alick,Hodcroft,ahodcroft93@google.co.jp,Male,172.239.167.208
329,Morly,Rocca,mrocca94@comcast.net,Male,75.202.65.64
330,Frankie,Miners,fminers95@dot.gov,Female,8.159.167.130
331,Ardenia,Crossingham,acrossingham96@dagondesign.com,Female,123.144.10.207
332,Morena,Borkin,mborkin97@studiopress.com,Female,44.79.159.64
333,Eadmund,Hugk,ehugk98@sohu.com,Male,128.177.86.127
334,Hermy,Blackaller,hblackaller99@discuz.net,Male,246.191.14.76
335,Laurie,Bog,lbog9a@irs.gov,Male,67.139.93.149
336,Andros,Furber,afurber9b@marketwatch.com,Male,108.143.101.191
337,Holli,Drinan,hdrinan9c@cbslocal.com,Female,128.51.144.126
338,Patrizio,Waitland,pwaitland9d@photobucket.com,Male,117.70.149.67
339,Nessie,Arkell,narkell9e@dropbox.com,Female,252.45.105.108
340,Bobine,Brunnstein,bbrunnstein9f@studiopress.com,Female,97.33.179.143
341,Rodrick,Firminger,rfirminger9g@w3.org,Male,153.116.59.226
342,Dedie,Everson,deverson9h@state.tx.us,Female,116.115.7.225
343,Ansley,Baff,abaff9i@domainmarket.com,Female,109.233.239.9
344,Drona,Roddan,droddan9j@utexas.edu,Female,227.152.92.44
345,Ethan,Patley,epatley9k@ning.com,Male,134.97.14.247
346,Gabi,Swiffen,gswiffen9l@furl.net,Female,180.125.183.23
347,Hart,Menham,hmenham9m@shareasale.com,Male,49.91.187.16
348,Tawsha,Voden,tvoden9n@wix.com,Female,248.206.220.104
349,Eldin,Beevor,ebeevor9o@sbwire.com,Male,63.178.49.238
350,Emilie,Littler,elittler9p@moonfruit.com,Female,57.248.123.43
351,Zola,Gorch,zgorch9q@pagesperso-orange.fr,Female,220.38.168.83
352,Maude,Breward,mbreward9r@histats.com,Female,149.200.233.71
353,Dill,Dimmack,ddimmack9s@salon.com,Male,177.196.203.38
354,Geri,Britto,gbritto9t@bigcartel.com,Male,237.30.227.24
355,Tore,Speachley,tspeachley9u@google.com.br,Male,244.65.216.24
356,Annnora,Hecks,ahecks9v@amazon.co.uk,Female,62.93.156.212
357,Fredek,Kneafsey,fkneafsey9w@fastcompany.com,Male,56.55.208.39
358,Hal,Aldwich,haldwich9x@theglobeandmail.com,Male,95.119.206.251
359,Loleta,Suatt,lsuatt9y@microsoft.com,Female,151.122.49.241
360,Arney,Furtado,afurtado9z@nature.com,Male,19.25.173.211
361,Ruttger,Guthrie,rguthriea0@exblog.jp,Male,125.102.206.141
362,Cammy,Charsley,ccharsleya1@admin.ch,Male,235.13.40.254
363,Vanessa,Bouttell,vbouttella2@hc360.com,Female,6.28.53.106
364,Britt,Probbin,bprobbina3@yale.edu,Male,241.221.77.127
365,Dav,Pockett,dpocketta4@cafepress.com,Male,244.70.223.193
366,Coleen,Chuney,cchuneya5@cbsnews.com,Female,196.251.251.25
367,Lewiss,MacMurray,lmacmurraya6@bravesites.com,Male,198.129.100.15
368,Mellisent,Hiland,mhilanda7@miibeian.gov.cn,Female,178.44.190.196
369,Jakie,Rate,jratea8@spotify.com,Male,66.1.224.126
370,Darcee,Atheis,datheisa9@blogger.com,Female,139.134.109.139
371,Pietro,Howick,phowickaa@qq.com,Male,109.184.192.129
372,Faber,Harms,fharmsab@uiuc.edu,Male,93.127.218.1
373,Angelle,Cockrill,acockrillac@github.io,Female,238.6.54.219
374,My,Hastings,mhastingsad@netlog.com,Male,208.43.250.191
375,Helyn,Kempson,hkempsonae@nymag.com,Female,48.209.77.94
376,Joli,Brand,jbrandaf@ox.ac.uk,Female,206.66.148.219
377,Sheelagh,Crawforth,scrawforthag@gov.uk,Female,58.70.33.161
378,Padgett,Figure,pfigureah@seesaa.net,Male,152.190.228.230
379,Audrye,Eliez,aeliezai@goo.gl,Female,47.65.202.144
380,Zelig,Pengilley,zpengilleyaj@studiopress.com,Male,183.229.34.200
381,Chrystal,Dax,cdaxak@behance.net,Female,248.95.210.65
382,Cherye,Linder,clinderal@t-online.de,Female,100.30.79.85
383,Desmund,Garioch,dgariocham@umich.edu,Male,105.32.137.208
384,Courtnay,Petrashkov,cpetrashkovan@symantec.com,Male,41.46.92.155
385,Teresa,Yerill,tyerillao@thetimes.co.uk,Female,144.254.211.250
386,Gerry,Boult,gboultap@webeden.co.uk,Female,193.170.253.93
387,Jeff,Servant,jservantaq@businessinsider.com,Male,16.83.89.207
388,Barde,de Amaya,bdeamayaar@latimes.com,Male,100.57.247.140
389,Sawyer,Silverman,ssilvermanas@msn.com,Male,135.85.243.93
390,Jerrylee,Creagh,jcreaghat@dagondesign.com,Female,134.160.230.8
391,Emlynn,Pick,epickau@epa.gov,Female,202.239.180.206
392,Jorrie,Botten,jbottenav@webeden.co.uk,Female,185.230.201.179
393,Langston,Reeson,lreesonaw@walmart.com,Male,144.23.151.137
394,Caro,Goroni,cgoroniax@mozilla.com,Female,194.40.22.149
395,Estrellita,Stave,estaveay@google.co.uk,Female,210.205.58.236
396,Herta,Maddams,hmaddamsaz@freewebs.com,Female,195.102.114.9
397,Steward,Upton,suptonb0@ibm.com,Male,185.193.129.33
398,Kirstin,Feldmesser,kfeldmesserb1@bandcamp.com,Female,195.223.48.38
399,Milissent,Aylward,maylwardb2@xing.com,Female,17.2.176.157
400,Yoko,Burdess,yburdessb3@rambler.ru,Female,143.253.98.68
401,Ynes,Benedtti,ybenedttib4@rakuten.co.jp,Female,184.205.82.108
402,Eben,Eddoes,eeddoesb5@usa.gov,Male,76.162.30.241
403,Alyssa,Searl,asearlb6@w3.org,Female,27.162.133.151
404,Woodman,Huckerby,whuckerbyb7@studiopress.com,Male,75.88.44.223
405,Minne,Gerhts,mgerhtsb8@github.io,Female,188.162.206.149
406,Bettina,Onraet,bonraetb9@forbes.com,Female,74.177.27.174
407,Cacilia,Harmour,charmourba@google.com,Female,137.241.92.157
408,Rosalyn,Bartolijn,rbartolijnbb@economist.com,Female,169.71.164.104
409,Charmain,Bush,cbushbc@yolasite.com,Female,107.21.163.110
410,Nalani,Dailey,ndaileybd@topsy.com,Female,9.74.132.86
411,Opalina,Nunnery,onunnerybe@drupal.org,Female,191.192.127.101
412,Kaela,Bogays,kbogaysbf@bizjournals.com,Female,223.229.148.14
413,Harley,Speedy,hspeedybg@comcast.net,Female,29.211.142.47
414,Petey,Denford,pdenfordbh@lycos.com,Male,28.143.61.61
415,Cherye,Skillitt,cskillittbi@bloglines.com,Female,173.200.233.34
416,Danyette,Godilington,dgodilingtonbj@seattletimes.com,Female,207.180.216.197
417,Alberta,Hallex,ahallexbk@discovery.com,Female,223.79.215.193
418,Tedmund,Malam,tmalambl@nifty.com,Male,57.6.215.64
419,Keen,Sargood,ksargoodbm@vinaora.com,Male,14.240.146.186
420,Albertine,Struther,astrutherbn@gravatar.com,Female,177.227.65.77
421,Thomasina,Higgan,thigganbo@cnn.com,Female,24.35.192.208
422,Cyndie,Byles,cbylesbp@wufoo.com,Female,204.31.179.138
423,Darryl,Huckstepp,dhucksteppbq@fema.gov,Male,26.53.116.150
424,Wakefield,Sakins,wsakinsbr@so-net.ne.jp,Male,222.211.123.213
425,Harlin,Matushevich,hmatushevichbs@sitemeter.com,Male,203.54.168.124
426,Leone,Talbot,ltalbotbt@bloomberg.com,Female,69.162.117.112
427,Eula,Lilburne,elilburnebu@google.ru,Female,133.112.0.110
428,Keefe,Krollman,kkrollmanbv@cbc.ca,Male,163.118.233.79
429,Dale,Piscopello,dpiscopellobw@devhub.com,Female,116.145.128.108
430,Karlene,Zold,kzoldbx@usgs.gov,Female,118.88.108.106
431,Burt,Dowles,bdowlesby@facebook.com,Male,178.82.229.99
432,Shelby,Abramovitch,sabramovitchbz@ed.gov,Male,94.255.223.9
433,Kelwin,Josovich,kjosovichc0@gmpg.org,Male,33.242.107.221
434,Nester,Bothams,nbothamsc1@vistaprint.com,Male,61.70.224.122
435,Lenore,Rustedge,lrustedgec2@gravatar.com,Female,237.202.126.94
436,Sylas,Rowes,srowesc3@over-blog.com,Male,90.168.181.252
437,Ellynn,Scotcher,escotcherc4@slideshare.net,Female,203.80.228.127
438,Drucie,Guiu,dguiuc5@fda.gov,Female,162.230.68.241
439,Mattheus,Donne,mdonnec6@4shared.com,Male,38.250.12.31
440,Butch,Park,bparkc7@ifeng.com,Male,168.250.21.139
441,Aloysius,Grindrod,agrindrodc8@gmpg.org,Male,181.58.193.26
442,Liza,Marcinkus,lmarcinkusc9@g.co,Female,39.181.199.30
443,Rube,Doggerell,rdoggerellca@linkedin.com,Male,110.121.33.205
444,Valerye,Gooddy,vgooddycb@forbes.com,Female,22.143.104.2
445,Arie,Tuxsell,atuxsellcc@i2i.jp,Male,208.65.193.195
446,Lillis,Zannini,lzanninicd@cisco.com,Female,105.113.217.29
447,Linda,Gentzsch,lgentzschce@ebay.co.uk,Female,156.103.130.23
448,Martyn,Bradbeer,mbradbeercf@umich.edu,Male,176.198.249.86
449,Ben,Roake,broakecg@quantcast.com,Male,141.244.199.109
450,Ginny,Stapells,gstapellsch@indiegogo.com,Female,152.196.227.151
451,Tait,Batchan,tbatchanci@gizmodo.com,Male,214.147.248.10
452,Marshal,Varvell,mvarvellcj@123-reg.co.uk,Male,29.91.182.7
453,Haslett,Derry,hderryck@census.gov,Male,61.243.201.122
454,Reinwald,Gamil,rgamilcl@army.mil,Male,36.18.243.125
455,Loise,Haug,lhaugcm@umn.edu,Female,222.84.58.210
456,Gard,Gaspero,ggasperocn@telegraph.co.uk,Male,37.44.54.8
457,Ash,Ferandez,aferandezco@kickstarter.com,Male,96.137.136.48
458,Nickolaus,Hurles,nhurlescp@washingtonpost.com,Male,254.202.106.193
459,Ronnie,Quin,rquincq@wikipedia.org,Male,241.127.196.151
460,Hunter,Pughsley,hpughsleycr@eventbrite.com,Male,68.34.119.230
461,Alejandro,Dmisek,admisekcs@netvibes.com,Male,57.9.206.238
462,Hew,Queenborough,hqueenboroughct@unicef.org,Male,47.194.237.141
463,Chas,O'Giany,cogianycu@clickbank.net,Male,100.117.165.187
464,Tania,Clunie,tcluniecv@goo.ne.jp,Female,24.244.7.48
465,Rock,Hassen,rhassencw@reddit.com,Male,89.160.137.150
466,Cara,Newiss,cnewisscx@blogger.com,Female,218.108.194.185
467,Pen,Steade,psteadecy@imdb.com,Female,150.197.83.197
468,Perla,Garmey,pgarmeycz@kickstarter.com,Female,45.57.214.147
469,Pauline,Leates,pleatesd0@opera.com,Female,32.8.225.146
470,Benson,Odby,bodbyd1@spotify.com,Male,229.138.158.220
471,Eadie,Greed,egreedd2@google.es,Female,111.16.25.150
472,Minnie,Scrace,mscraced3@si.edu,Female,129.6.31.145
473,Junia,Whatmough,jwhatmoughd4@pinterest.com,Female,178.78.69.235
474,Patton,Selley,pselleyd5@histats.com,Male,134.209.188.193
475,Zachary,Gudahy,zgudahyd6@umich.edu,Male,106.227.57.179
476,Wesley,Vickar,wvickard7@vk.com,Male,251.31.165.96
477,Clea,Brownjohn,cbrownjohnd8@qq.com,Female,204.188.48.182
478,Aliza,Blabey,ablabeyd9@archive.org,Female,48.201.248.93
479,Bambi,Omond,bomondda@paypal.com,Female,1.193.182.43
480,Philippa,Elders,peldersdb@state.tx.us,Female,165.74.190.142
481,Jolene,Birdseye,jbirdseyedc@weibo.com,Female,1.87.197.250
482,Rey,Aspenlon,raspenlondd@ucoz.com,Female,69.145.141.129
483,Kinny,Stroder,kstroderde@paypal.com,Male,22.140.146.72
484,Augustine,Emptage,aemptagedf@vinaora.com,Male,71.157.78.40
485,Simonette,Dorie,sdoriedg@angelfire.com,Female,168.232.156.171
486,Mathew,Benitti,mbenittidh@meetup.com,Male,236.89.209.190
487,Orton,Fidoe,ofidoedi@aol.com,Male,127.221.160.124
488,Katharine,Witcomb,kwitcombdj@spotify.com,Female,116.171.140.223
489,Baillie,Edmund,bedmunddk@jimdo.com,Male,78.183.95.164
490,Otis,Denness,odennessdl@nature.com,Male,113.4.204.232
491,Noach,Spurrett,nspurrettdm@ocn.ne.jp,Male,35.85.25.2
492,Megen,Aime,maimedn@uiuc.edu,Female,167.148.126.18
493,Rhiamon,Frise,rfrisedo@accuweather.com,Female,197.138.105.94
494,Sena,Essery,sesserydp@jigsy.com,Female,198.29.144.73
495,Tallia,Ironmonger,tironmongerdq@vinaora.com,Female,144.221.84.195
496,Cecil,Laudham,claudhamdr@paypal.com,Female,180.78.207.18
497,Augusta,Weinberg,aweinbergds@goodreads.com,Female,218.249.134.49
498,Staci,Crampsey,scrampseydt@telegraph.co.uk,Female,184.248.199.30
499,Rosalinde,Andren,randrendu@purevolume.com,Female,45.42.139.12
500,Chip,Painten,cpaintendv@eventbrite.com,Male,142.71.245.41
501,Gibbie,Durston,gdurstondw@aboutads.info,Male,102.245.230.232
502,Phyllis,Ladon,pladondx@networksolutions.com,Female,12.1.31.191
503,Granville,Cauldwell,gcauldwelldy@infoseek.co.jp,Male,161.111.124.16
504,Anselma,Tunder,atunderdz@tripadvisor.com,Female,224.202.46.213
505,Binky,Wildt,bwildte0@bing.com,Male,179.131.101.240
506,Bobine,Coniff,bconiffe1@chicagotribune.com,Female,27.88.5.158
507,Marco,Glanville,mglanvillee2@reverbnation.com,Male,70.86.173.121
508,Nelie,Leverette,nleverettee3@weibo.com,Female,37.254.58.119
509,Cesare,Cluelow,ccluelowe4@dion.ne.jp,Male,207.43.221.122
510,Shaughn,Eskrick,seskricke5@infoseek.co.jp,Male,169.9.176.135
511,Georgetta,Cowey,gcoweye6@wikispaces.com,Female,112.43.226.112
512,Elva,Drohan,edrohane7@de.vu,Female,160.140.221.110
513,Susy,Andrzejczak,sandrzejczake8@ifeng.com,Female,112.190.62.74
514,Griffy,Aitkenhead,gaitkenheade9@tamu.edu,Male,82.250.66.146
515,Skippie,Deekes,sdeekesea@ucoz.com,Male,217.119.167.89
516,Maitilde,Copestick,mcopestickeb@huffingtonpost.com,Female,223.234.210.179
517,Collie,Ife,cifeec@dailymail.co.uk,Female,164.27.11.109
518,Marlene,O'Dunniom,modunniomed@usgs.gov,Female,101.63.157.136
519,John,Monery,jmoneryee@economist.com,Male,72.249.245.66
520,Dougy,Saintsbury,dsaintsburyef@angelfire.com,Male,43.125.148.182
521,Bruis,Hankin,bhankineg@networkadvertising.org,Male,58.114.35.171
522,Edith,Grisbrook,egrisbrookeh@yahoo.com,Female,222.93.143.156
523,Toiboid,McCrorie,tmccrorieei@youtu.be,Male,17.67.73.164
524,Victoir,Borit,vboritej@twitpic.com,Male,159.72.81.138
525,Evey,Cargenven,ecargenvenek@whitehouse.gov,Female,34.131.220.55
526,Dionisio,Chatelet,dchateletel@google.com.br,Male,221.62.174.209
527,Arlene,Schutter,aschutterem@sina.com.cn,Female,4.206.219.56
528,Dermot,Heam,dheamen@ehow.com,Male,18.156.150.177
529,Doralin,Malimoe,dmalimoeeo@hugedomains.com,Female,215.144.83.196
530,Sherlocke,Winch,swinchep@prlog.org,Male,216.30.2.232
531,Denys,Aronowitz,daronowitzeq@wiley.com,Male,144.80.7.14
532,Tami,Gabriel,tgabrieler@so-net.ne.jp,Female,75.123.115.178
533,Orion,Slavin,oslavines@geocities.jp,Male,34.246.200.81
534,Algernon,Readings,areadingset@archive.org,Male,141.112.240.125
535,Bella,Quernel,bquerneleu@ucla.edu,Female,172.21.58.193
536,Ron,Le Surf,rlesurfev@woothemes.com,Male,156.85.97.19
537,Inger,Tiuit,itiuitew@paypal.com,Male,42.96.83.49
538,Conrado,Richardes,crichardesex@slideshare.net,Male,70.229.144.251
539,Vonnie,Paoletti,vpaolettiey@pbs.org,Female,75.102.12.17
540,Baillie,Spearett,bspearettez@ebay.com,Male,94.168.156.244
541,Linda,Simenet,lsimenetf0@xinhuanet.com,Female,46.157.177.170
542,Kelly,Hoyte,khoytef1@networksolutions.com,Male,9.191.138.109
543,Angelique,Sprigings,asprigingsf2@smugmug.com,Female,82.54.166.65
544,Agnola,Colt,acoltf3@furl.net,Female,68.75.84.117
545,Lida,Mouncher,lmouncherf4@ed.gov,Female,224.121.10.188
546,Eldin,Linster,elinsterf5@twitpic.com,Male,172.237.82.156
547,Pris,Franciskiewicz,pfranciskiewiczf6@home.pl,Female,24.180.218.150
548,Kalli,Lettley,klettleyf7@shinystat.com,Female,100.202.79.242
549,Burg,Bick,bbickf8@unc.edu,Male,29.206.32.149
550,Ky,Roubeix,kroubeixf9@walmart.com,Male,226.28.60.109
551,Olly,Colaton,ocolatonfa@slate.com,Male,218.232.14.167
552,Ozzie,Full,ofullfb@canalblog.com,Male,5.158.73.126
553,Melosa,Dagnan,mdagnanfc@apache.org,Female,232.102.92.88
554,Sherilyn,MacCleod,smaccleodfd@taobao.com,Female,163.169.80.239
555,Polly,Pembery,ppemberyfe@csmonitor.com,Female,71.209.145.189
556,Cathee,Scarsbrick,cscarsbrickff@deliciousdays.com,Female,4.24.17.75
557,Josefa,Iiannoni,jiiannonifg@tiny.cc,Female,193.236.226.77
558,Fidel,Bickers,fbickersfh@qq.com,Male,209.232.143.185
559,Bay,Horry,bhorryfi@army.mil,Male,125.191.137.96
560,Suzie,Grolmann,sgrolmannfj@senate.gov,Female,32.43.173.15
561,Catarina,Yusupov,cyusupovfk@amazon.com,Female,75.105.107.243
562,Gwenette,Gowen,ggowenfl@sourceforge.net,Female,158.253.115.229
563,Erastus,Mahaddy,emahaddyfm@ucsd.edu,Male,148.220.127.212
564,Zelig,Gypson,zgypsonfn@hubpages.com,Male,34.174.82.52
565,Alair,Daine,adainefo@deliciousdays.com,Male,23.172.181.7
566,Virgil,Bayley,vbayleyfp@livejournal.com,Male,100.126.24.103
567,Henriette,Strangeway,hstrangewayfq@goodreads.com,Female,92.4.110.198
568,Jaclyn,Crofts,jcroftsfr@cpanel.net,Female,29.151.90.232
569,Katusha,MacDwyer,kmacdwyerfs@taobao.com,Female,90.217.99.136
570,Frasquito,Meece,fmeeceft@ifeng.com,Male,177.225.154.146
571,Stephannie,Hallagan,shallaganfu@mediafire.com,Female,209.142.172.195
572,Garald,Lace,glacefv@wikimedia.org,Male,247.47.253.230
573,Meredith,Dumbelton,mdumbeltonfw@senate.gov,Female,171.45.134.38
574,Mort,Godbald,mgodbaldfx@yolasite.com,Male,58.104.11.48
575,Bernice,Alldred,balldredfy@booking.com,Female,198.212.181.51
576,Ingeberg,Primrose,iprimrosefz@soup.io,Female,55.1.147.170
577,Edita,Cockburn,ecockburng0@topsy.com,Female,54.114.246.227
578,Paddie,Sporton,psportong1@bloomberg.com,Male,16.29.220.255
579,Jemie,Mullineux,jmullineuxg2@japanpost.jp,Female,224.39.67.114
580,Jennilee,Micah,jmicahg3@wp.com,Female,94.153.239.90
581,Nanine,Worcester,nworcesterg4@scribd.com,Female,38.139.161.216
582,Samuele,Lambourne,slambourneg5@newsvine.com,Male,120.183.106.214
583,Broddie,Peek,bpeekg6@istockphoto.com,Male,28.109.53.8
584,Franky,Goodswen,fgoodsweng7@ca.gov,Female,187.68.206.70
585,Lemmie,Byass,lbyassg8@cnn.com,Male,132.91.243.251
586,Chance,Thrussell,cthrussellg9@ftc.gov,Male,146.26.65.217
587,Raffarty,Kemmet,rkemmetga@who.int,Male,137.48.151.113
588,Steffen,Woakes,swoakesgb@ucoz.ru,Male,132.189.248.234
589,Skipper,Jewes,sjewesgc@seesaa.net,Male,222.144.116.36
590,Bryant,Colton,bcoltongd@java.com,Male,234.21.75.36
591,Maddie,De Carlo,mdecarloge@java.com,Male,165.56.24.207
592,Quill,Buckthorpe,qbuckthorpegf@comcast.net,Male,13.168.90.35
593,Arda,Lomasney,alomasneygg@infoseek.co.jp,Female,201.249.137.59
594,Valentino,Leindecker,vleindeckergh@examiner.com,Male,233.193.78.111
595,Jobie,Devenport,jdevenportgi@dedecms.com,Female,220.244.11.192
596,Sawyer,Lesurf,slesurfgj@intel.com,Male,109.251.181.67
597,Sherm,Jiroudek,sjiroudekgk@creativecommons.org,Male,119.159.233.187
598,Demeter,Brion,dbriongl@moonfruit.com,Female,89.153.97.204
599,Martino,Brodeau,mbrodeaugm@cloudflare.com,Male,105.30.227.148
600,Morten,Delves,mdelvesgn@facebook.com,Male,248.99.228.203
601,Gordon,Massel,gmasselgo@creativecommons.org,Male,163.140.42.203
602,Hally,Staunton,hstauntongp@harvard.edu,Female,189.84.242.177
603,Eduard,Cogman,ecogmangq@delicious.com,Male,163.142.135.143
604,Noel,McDyer,nmcdyergr@goo.ne.jp,Male,141.45.65.78
605,Tildy,Kleinert,tkleinertgs@mediafire.com,Female,44.172.119.73
606,Zachery,Figg,zfigggt@sina.com.cn,Male,131.61.113.140
607,Ike,Petracco,ipetraccogu@businesswire.com,Male,218.17.222.113
608,Gillie,Bosdet,gbosdetgv@1688.com,Female,228.152.118.123
609,Richmond,Rapin,rrapingw@hostgator.com,Male,236.196.168.243
610,Anny,Bonnier,abonniergx@sitemeter.com,Female,207.30.140.69
611,Maryanne,Andri,mandrigy@nydailynews.com,Female,8.190.190.196
612,Maurice,Renals,mrenalsgz@google.co.uk,Male,15.69.43.157
613,Donetta,Grassin,dgrassinh0@friendfeed.com,Female,36.72.25.60
614,Carola,Parkinson,cparkinsonh1@wsj.com,Female,124.244.235.36
615,Lurline,Pulster,lpulsterh2@gmpg.org,Female,103.162.212.54
616,Ninon,Braganca,nbragancah3@facebook.com,Female,165.169.249.215
617,Candie,L'oiseau,cloiseauh4@multiply.com,Female,183.165.117.196
618,Alyce,Ludgrove,aludgroveh5@biblegateway.com,Female,143.95.62.142
619,Piggy,Cornner,pcornnerh6@com.com,Male,62.4.91.100
620,Reeta,Hicken,rhickenh7@merriam-webster.com,Female,249.73.218.61
621,Guglielmo,Gotcliff,ggotcliffh8@webmd.com,Male,26.209.88.195
622,Yorgos,Ors,yorsh9@tumblr.com,Male,95.67.79.204
623,Brandice,Plumridge,bplumridgeha@weebly.com,Female,135.59.23.93
624,Olia,Knotton,oknottonhb@smh.com.au,Female,210.56.202.247
625,Russ,Provost,rprovosthc@liveinternet.ru,Male,83.178.204.83
626,Putnam,Plaschke,pplaschkehd@economist.com,Male,232.177.243.171
627,Anjela,Dudbridge,adudbridgehe@hud.gov,Female,13.0.19.189
628,Cary,Erni,cernihf@businessweek.com,Male,95.246.7.160
629,Jilleen,Snaddon,jsnaddonhg@ftc.gov,Female,201.51.112.201
630,Bryanty,Donald,bdonaldhh@tripod.com,Male,127.38.123.197
631,Shaun,Pretswell,spretswellhi@seattletimes.com,Female,1.47.248.255
632,Patrizia,MacCheyne,pmaccheynehj@deliciousdays.com,Female,30.83.36.133
633,Tabitha,Hengoed,thengoedhk@gnu.org,Female,35.6.88.37
634,Farris,Songust,fsongusthl@a8.net,Male,30.96.63.3
635,Jyoti,Chiommienti,jchiommientihm@hatena.ne.jp,Female,247.73.190.122
636,Cedric,Swanton,cswantonhn@indiegogo.com,Male,206.19.202.50
637,Consuela,Praton,cpratonho@slate.com,Female,25.210.9.14
638,Jerald,Cristofol,jcristofolhp@list-manage.com,Male,149.145.88.128
639,Kipp,Askham,kaskhamhq@tamu.edu,Male,218.244.8.4
640,Phaedra,Meacher,pmeacherhr@pcworld.com,Female,201.209.246.190
641,Marleah,McKea,mmckeahs@aboutads.info,Female,246.33.78.69
642,Penny,Gladwish,pgladwishht@thetimes.co.uk,Male,224.11.104.239
643,Rhys,Lettice,rletticehu@google.com,Male,198.192.166.249
644,Silas,Pickerin,spickerinhv@google.com,Male,42.104.159.226
645,Jorge,Kershow,jkershowhw@geocities.com,Male,138.10.7.76
646,Ailyn,Clineck,aclineckhx@behance.net,Female,185.238.171.238
647,Arch,Marzello,amarzellohy@examiner.com,Male,170.99.49.229
648,Avrit,Gookey,agookeyhz@sciencedirect.com,Female,184.187.206.192
649,Raoul,Eisig,reisigi0@seattletimes.com,Male,181.115.45.47
650,Bruis,Domeny,bdomenyi1@free.fr,Male,134.68.207.46
651,Leanna,Strutt,lstrutti2@eventbrite.com,Female,219.22.154.55
652,Tobe,Mayers,tmayersi3@foxnews.com,Female,87.129.70.117
653,Dom,Haskell,dhaskelli4@paypal.com,Male,217.66.17.16
654,Eduardo,Dominguez,edominguezi5@ucoz.ru,Male,111.128.52.43
655,Austina,Meiklam,ameiklami6@wsj.com,Female,196.137.234.69
656,Boony,Corpe,bcorpei7@intel.com,Male,220.250.47.245
657,Gwendolen,Kervin,gkervini8@pinterest.com,Female,71.206.117.60
658,Dilan,Sweed,dsweedi9@about.com,Male,158.252.179.242
659,Brandyn,Colgan,bcolgania@digg.com,Male,79.110.121.175
660,Emmet,Vann,evannib@parallels.com,Male,186.50.74.95
661,Itch,Dzenisenka,idzenisenkaic@discovery.com,Male,179.44.197.114
662,Walden,Mumberson,wmumbersonid@wunderground.com,Male,111.26.90.208
663,Daron,Copson,dcopsonie@ask.com,Male,20.100.205.146
664,Alwin,Munsey,amunseyif@archive.org,Male,239.202.87.224
665,Thedrick,Ludlamme,tludlammeig@time.com,Male,165.251.129.156
666,Shadow,Batchelour,sbatchelourih@smh.com.au,Male,20.90.162.139
667,Ryann,Bertolaccini,rbertolacciniii@amazon.de,Female,250.85.167.243
668,Rora,Tanner,rtannerij@mtv.com,Female,143.70.212.100
669,Lionello,Camings,lcamingsik@sogou.com,Male,153.186.234.181
670,Kiel,Weeden,kweedenil@smh.com.au,Male,98.105.31.4
671,Micki,Wailes,mwailesim@issuu.com,Female,92.57.158.156
672,Griffin,Scowen,gscowenin@drupal.org,Male,182.221.167.115
673,Ray,Ogan,roganio@bing.com,Female,6.85.0.36
674,Ilsa,Minithorpe,iminithorpeip@imgur.com,Female,2.183.54.114
675,Celinka,Allcorn,callcorniq@rambler.ru,Female,91.164.125.75
676,Martyn,Lipgens,mlipgensir@goo.gl,Male,62.160.113.176
677,Ali,Fugere,afugereis@yale.edu,Female,109.140.86.103
678,Petrina,Blundon,pblundonit@who.int,Female,24.9.182.180
679,La verne,Cleator,lcleatoriu@jigsy.com,Female,211.172.214.153
680,Perceval,Fairbrass,pfairbrassiv@walmart.com,Male,173.124.183.23
681,Alberto,Wissby,awissbyiw@bbb.org,Male,105.65.198.104
682,Murielle,Congreave,mcongreaveix@omniture.com,Female,108.36.133.120
683,Patricia,Cornhill,pcornhilliy@apple.com,Female,194.2.120.208
684,Aleta,Ferro,aferroiz@state.gov,Female,13.221.152.39
685,Easter,Elsy,eelsyj0@nyu.edu,Female,69.10.12.123
686,Olin,Pauer,opauerj1@ezinearticles.com,Male,150.83.110.252
687,Gloria,Darter,gdarterj2@symantec.com,Female,198.11.66.110
688,Meggie,Prandoni,mprandonij3@mit.edu,Female,217.52.10.42
689,Peggi,Welsh,pwelshj4@si.edu,Female,111.163.111.225
690,Cesar,Vasiljevic,cvasiljevicj5@ow.ly,Male,185.207.220.232
691,Antonino,Stainton - Skinn,astaintonskinnj6@scientificamerican.com,Male,79.67.116.149
692,Kandace,Logan,kloganj7@deviantart.com,Female,132.88.171.241
693,Jody,Ruthen,jruthenj8@loc.gov,Female,1.177.38.66
694,Antone,Ege,aegej9@reuters.com,Male,233.36.93.181
695,Nickola,Bownass,nbownassja@who.int,Male,249.12.159.200
696,Winston,Whittles,wwhittlesjb@timesonline.co.uk,Male,157.74.131.218
697,Ursa,Mawdsley,umawdsleyjc@harvard.edu,Female,174.25.75.26
698,Ray,Fransinelli,rfransinellijd@artisteer.com,Male,158.145.38.106
699,Katy,Padillo,kpadilloje@sakura.ne.jp,Female,43.173.14.172
700,Kristoffer,Ceschi,kceschijf@flickr.com,Male,211.85.240.150
701,Griz,Ingree,gingreejg@storify.com,Male,233.5.211.225
702,Adam,Hulmes,ahulmesjh@dailymail.co.uk,Male,202.235.185.149
703,Rosaline,Juliano,rjulianoji@dot.gov,Female,20.228.209.168
704,Antons,Noton,anotonjj@nsw.gov.au,Male,242.235.93.14
705,Kurt,Barthelme,kbarthelmejk@free.fr,Male,7.54.66.203
706,Eddie,Wattins,ewattinsjl@qq.com,Female,116.175.34.104
707,Sinclare,Pargetter,spargetterjm@timesonline.co.uk,Male,204.229.28.129
708,Lelah,Dulanty,ldulantyjn@theatlantic.com,Female,131.251.96.144
709,Mari,Musgrave,mmusgravejo@blogspot.com,Female,200.123.194.85
710,Marchall,Ivanilov,mivanilovjp@ted.com,Male,197.194.178.119
711,Ximenez,Amy,xamyjq@sina.com.cn,Male,26.125.195.80
712,Ulrica,Heaford,uheafordjr@pen.io,Female,191.197.253.87
713,Salomo,Sherer,sshererjs@cnbc.com,Male,170.18.62.45
714,Michail,Breese,mbreesejt@behance.net,Male,162.239.156.244
715,Ula,Adamsky,uadamskyju@google.cn,Female,164.92.31.72
716,Angeli,Ashment,aashmentjv@comsenz.com,Male,60.112.64.121
717,Shayla,Huddy,shuddyjw@youtube.com,Female,74.234.119.212
718,Cly,Calender,ccalenderjx@myspace.com,Male,193.63.128.199
719,Quintin,Hammersley,qhammersleyjy@hibu.com,Male,66.196.202.144
720,Denys,Haps,dhapsjz@nationalgeographic.com,Male,182.157.138.88
721,Hephzibah,Whitham,hwhithamk0@wsj.com,Female,210.33.23.157
722,Walton,Durtnell,wdurtnellk1@scientificamerican.com,Male,172.188.206.137
723,Karla,Devenport,kdevenportk2@umn.edu,Female,170.124.39.117
724,Jens,Veryan,jveryank3@nbcnews.com,Male,10.248.14.87
725,Melina,McCloughlin,mmccloughlink4@linkedin.com,Female,53.159.88.71
726,Colas,Purser,cpurserk5@over-blog.com,Male,163.57.154.126
727,Sophronia,Northwood,snorthwoodk6@utexas.edu,Female,236.159.183.44
728,Lonni,Chatto,lchattok7@senate.gov,Female,233.138.148.95
729,Tedra,Epinay,tepinayk8@a8.net,Female,137.23.103.28
730,Alberta,Jancso,ajancsok9@opensource.org,Female,54.142.161.17
731,Brittaney,Cadwallader,bcadwalladerka@geocities.jp,Female,188.232.226.111
732,Kerk,Byway,kbywaykb@bravesites.com,Male,170.26.26.103
733,Lorry,Le Franc,llefranckc@europa.eu,Female,228.132.172.149
734,Kessiah,Instrell,kinstrellkd@discovery.com,Female,74.155.136.128
735,Antin,Ellerby,aellerbyke@youku.com,Male,77.85.128.212
736,Maxim,Alloway,mallowaykf@dropbox.com,Male,15.35.226.131
737,Cathi,Purcell,cpurcellkg@imdb.com,Female,59.90.149.41
738,Sharyl,Mahaffey,smahaffeykh@phpbb.com,Female,81.11.48.249
739,Euell,Goodlake,egoodlakeki@woothemes.com,Male,56.72.238.80
740,Herb,Wynn,hwynnkj@g.co,Male,216.165.129.188
741,Ida,Etheredge,ietheredgekk@ftc.gov,Female,40.11.4.248
742,Amandie,Jensen,ajensenkl@seattletimes.com,Female,119.121.192.115
743,Pietrek,Freebury,pfreeburykm@hp.com,Male,176.85.193.39
744,Laurie,Kulas,lkulaskn@elpais.com,Female,231.24.44.197
745,Fannie,Greenhow,fgreenhowko@va.gov,Female,45.42.223.27
746,Ayn,Esplin,aesplinkp@360.cn,Female,40.56.61.21
747,Dan,Rotherham,drotherhamkq@cnet.com,Male,165.249.180.131
748,Salli,Fould,sfouldkr@joomla.org,Female,233.171.225.89
749,Aldis,Boadby,aboadbyks@wix.com,Male,135.50.85.133
750,Cele,Thaine,cthainekt@surveymonkey.com,Female,171.124.121.89
751,Quentin,MacElharge,qmacelhargeku@sourceforge.net,Male,108.143.239.104
752,Martica,Bullas,mbullaskv@harvard.edu,Female,184.245.155.119
753,Adair,Felix,afelixkw@nymag.com,Male,136.225.71.209
754,Baldwin,Tooher,btooherkx@com.com,Male,250.221.225.176
755,Antonella,Gelland,agellandky@rakuten.co.jp,Female,251.95.51.221
756,Tabb,Parish,tparishkz@usnews.com,Male,234.92.241.168
757,Corena,Blankhorn,cblankhornl0@huffingtonpost.com,Female,109.161.141.9
758,Ashlin,Brinkman,abrinkmanl1@t-online.de,Male,131.185.235.47
759,Yolande,Hayhow,yhayhowl2@opensource.org,Female,149.231.71.88
760,Boone,Flawith,bflawithl3@wunderground.com,Male,35.21.102.157
761,Kennie,Titta,ktittal4@omniture.com,Male,116.236.41.242
762,Ninette,Meaker,nmeakerl5@google.com.br,Female,114.148.43.151
763,Netty,Hulme,nhulmel6@ask.com,Female,55.233.78.118
764,Putnem,Legges,pleggesl7@hc360.com,Male,74.181.217.134
765,Urbano,Spanswick,uspanswickl8@creativecommons.org,Male,33.15.182.223
766,Wernher,Mountain,wmountainl9@weebly.com,Male,92.77.92.176
767,Rik,Perkins,rperkinsla@opensource.org,Male,156.153.220.76
768,Rufe,Dhillon,rdhillonlb@skyrock.com,Male,140.157.52.86
769,Ulla,Jentet,ujentetlc@ameblo.jp,Female,207.143.0.76
770,Lani,Elie,lelield@xinhuanet.com,Female,222.232.162.32
771,Ninnetta,Doran,ndoranle@spiegel.de,Female,118.521.36.226
772,Imogene,Colqueran,icolqueranlf@clickbank.net,Female,162.23.205.205
773,Felipe,Mahaddy,fmahaddylg@posterous.com,Male,207.31.166.145
774,Duane,Cowill,dcowilllh@homestead.com,Male,35.237.151.25
775,Bobette,Meffan,bmeffanli@jalbum.net,Female,169.30.70.191
776,Darn,Rockwell,drockwelllj@storify.com,Male,60.194.60.227
777,Stephan,Colleer,scolleerlk@rediff.com,Male,231.245.134.51
778,Bear,Kelby,bkelbyll@baidu.com,Male,218.87.199.26
779,Imogen,Zammitt,izammittlm@ca.gov,Female,159.14.150.21
780,Seka,Kauschke,skauschkeln@phoca.cz,Female,52.200.113.98
781,Worth,Gormley,wgormleylo@blog.com,Male,13.169.207.112
782,Eddie,Kynvin,ekynvinlp@posterous.com,Male,194.99.86.13
783,Bennett,Canto,bcantolq@mit.edu,Male,234.194.226.249
784,Hyatt,Paule,hpaulelr@jiathis.com,Male,211.190.115.42
785,Caryl,Eighteen,ceighteenls@google.com.hk,Male,94.120.178.17
786,Orella,Heighton,oheightonlt@upenn.edu,Female,240.212.178.218
787,Rudiger,Townend,rtownendlu@epa.gov,Male,21.213.17.2
788,Luz,Ringrose,lringroselv@wunderground.com,Female,78.121.187.227
789,Alecia,Braithwaite,abraithwaitelw@furl.net,Female,219.89.22.49
790,Salomi,Rysdale,srysdalelx@friendfeed.com,Female,208.38.8.115
791,Alvina,Drains,adrainsly@t.co,Female,182.87.112.224
792,Frasquito,Narey,fnareylz@loc.gov,Male,239.175.188.243
793,Diarmid,Vicioso,dviciosom0@alibaba.com,Male,42.58.227.89
794,Dorie,Millott,dmillottm1@t.co,Female,20.46.168.0
795,Laurice,Fulkes,lfulkesm2@e-recht24.de,Female,162.182.2.38
796,Fredrick,Kench,fkenchm3@fc2.com,Male,253.79.58.75
797,Lyn,Wisham,lwishamm4@last.fm,Male,120.190.192.242
798,Harlin,Simkins,hsimkinsm5@disqus.com,Male,122.153.176.28
799,Sigfried,Leyden,sleydenm6@parallels.com,Male,247.113.164.250
800,Kimmy,Chaikovski,kchaikovskim7@mail.ru,Female,171.109.131.0
801,Jeanne,Riseborough,jriseboroughm8@hc360.com,Female,155.21.115.232
802,Omar,Bunting,obuntingm9@meetup.com,Male,156.22.10.180
803,Obie,Mellmer,omellmerma@google.it,Male,150.220.160.240
804,Merill,Finding,mfindingmb@opensource.org,Male,240.143.123.0
805,Hill,Confait,hconfaitmc@columbia.edu,Male,174.77.198.19
806,Evan,Eschelle,eeschellemd@123-reg.co.uk,Male,72.61.145.166
807,Napoleon,Fasey,nfaseyme@china.com.cn,Male,161.77.89.254
808,Rhianon,Chappel,rchappelmf@infoseek.co.jp,Female,176.110.106.95
809,Jessalin,Zambon,jzambonmg@ameblo.jp,Female,218.167.232.132
810,Alethea,Paffett,apaffettmh@answers.com,Female,28.109.236.107
811,Rinaldo,Learmouth,rlearmouthmi@oracle.com,Male,208.62.167.207
812,Josy,Axelbee,jaxelbeemj@deliciousdays.com,Female,181.3.65.213
813,Kathie,Mynott,kmynottmk@spiegel.de,Female,87.16.110.75
814,Yolande,Bartolozzi,ybartolozziml@altervista.org,Female,218.248.186.92
815,Devin,Amey,dameymm@ucsd.edu,Male,52.224.117.25
816,Chantal,Dorgon,cdorgonmn@uol.com.br,Female,60.226.104.37
817,Toma,Sykora,tsykoramo@auda.org.au,Female,147.20.95.39
818,Linzy,Milbank,lmilbankmp@xing.com,Female,19.112.12.85
819,Kerrie,Du Plantier,kduplantiermq@cpanel.net,Female,131.144.49.119
820,Orv,Jarrelt,ojarreltmr@over-blog.com,Male,245.3.107.89
821,Regina,Messier,rmessierms@cdbaby.com,Female,104.142.67.174
822,Lancelot,Brando,lbrandomt@surveymonkey.com,Male,0.215.205.96
823,Marve,Darton,mdartonmu@pen.io,Male,229.91.9.121
824,Jude,Bulcroft,jbulcroftmv@jimdo.com,Male,199.238.6.157
825,Rikki,Bullan,rbullanmw@cocolog-nifty.com,Female,173.250.57.240
826,Dal,Insull,dinsullmx@oakley.com,Male,110.60.61.67
827,jackie,Ekkel,jekkelmy@china.com.cn,Male,521.155.111.106
828,Noby,Claussen,nclaussenmz@home.pl,Male,60.168.58.169
829,Jenna,Ceyssen,jceyssenn0@typepad.com,Female,41.58.171.65
830,Michal,Wollrauch,mwollrauchn1@wufoo.com,Male,17.187.187.76
831,Jocelin,Battram,jbattramn2@theatlantic.com,Female,130.82.180.132
832,Carmencita,Nudds,cnuddsn3@zimbio.com,Female,145.26.40.98
833,Pearle,Chasemoore,pchasemooren4@wikimedia.org,Female,106.221.224.211
834,Gerick,Waghorn,gwaghornn5@theglobeandmail.com,Male,91.6.213.241
835,Leodora,Wankling,lwanklingn6@ustream.tv,Female,151.148.178.227
836,Latrina,Ettritch,lettritchn7@nifty.com,Female,166.133.80.73
837,Orv,Zettoi,ozettoin8@mozilla.org,Male,171.112.176.49
838,Jacquelin,Minogue,jminoguen9@dyndns.org,Female,160.96.54.192
839,Mikael,Lanfear,mlanfearna@intel.com,Male,19.94.222.205
840,Nathanael,Perrigo,nperrigonb@ask.com,Male,37.190.253.39
841,Clarabelle,Winterburn,cwinterburnnc@google.com.au,Female,253.100.107.209
842,Jesus,Pedrocco,jpedroccond@mashable.com,Male,36.77.11.190
843,Gray,Graundisson,ggraundissonne@facebook.com,Female,14.65.151.200
844,Darrell,Espadater,despadaternf@cdbaby.com,Male,248.12.181.146
845,Oswell,Puckinghorne,opuckinghorneng@fastcompany.com,Male,185.172.237.229
846,Clara,Sibley,csibleynh@woothemes.com,Female,166.35.129.159
847,Tamas,Chaperlin,tchaperlinni@devhub.com,Male,119.252.107.146
848,Cleavland,Gatiss,cgatissnj@arizona.edu,Male,213.81.179.61
849,Friedrich,Spinige,fspinigenk@house.gov,Male,183.73.130.151
850,Kimble,Saxon,ksaxonnl@networkadvertising.org,Male,73.93.25.5
851,Eugen,Seeler,eseelernm@unesco.org,Male,211.94.221.47
852,Lennard,Berard,lberardnn@youku.com,Male,125.160.156.26
853,Luci,Chartres,lchartresno@unesco.org,Female,44.143.249.66
854,Essa,Claringbold,eclaringboldnp@blogtalkradio.com,Female,145.73.242.108
855,Perle,Tolchard,ptolchardnq@hatena.ne.jp,Female,102.173.162.120
856,Karylin,Chatters,kchattersnr@posterous.com,Female,222.255.51.136
857,Alberik,Pedron,apedronns@smh.com.au,Male,151.37.133.170
858,Tudor,Pady,tpadynt@nytimes.com,Male,149.17.11.63
859,Carly,Lope,clopenu@dyndns.org,Female,200.119.170.150
860,Judon,Coushe,jcoushenv@amazon.de,Male,254.144.106.168
861,Jeanette,Kersaw,jkersawnw@imageshack.us,Female,217.111.187.147
862,Gabi,Linford,glinfordnx@angelfire.com,Female,135.243.14.145
863,Livvy,Hawkes,lhawkesny@nymag.com,Female,235.133.229.118
864,Nelly,Goaks,ngoaksnz@skyrock.com,Female,156.239.125.179
865,Eveline,Pablos,epabloso0@istockphoto.com,Female,96.62.1.138
866,Rudolf,Jee,rjeeo1@bbc.co.uk,Male,225.151.5.221
867,Gunar,Reddish,greddisho2@craigslist.org,Male,220.138.238.254
868,Rebbecca,Dennison,rdennisono3@guardian.co.uk,Female,201.209.183.69
869,Quill,Zaniolini,qzaniolinio4@whitehouse.gov,Male,28.245.148.16
870,Mycah,Lethcoe,mlethcoeo5@umn.edu,Male,228.39.161.10
871,Correna,Alekseev,calekseevo6@ustream.tv,Female,2.43.232.16
872,Antin,Prendiville,aprendivilleo7@mail.ru,Male,42.141.94.137
873,Galvan,Mustard,gmustardo8@ox.ac.uk,Male,184.177.105.223
874,Larisa,Tinsey,ltinseyo9@webs.com,Female,117.14.57.198
875,Alice,Sulman,asulmanoa@time.com,Female,94.92.148.229
876,Doti,Milkins,dmilkinsob@bing.com,Female,236.113.166.14
877,Arlie,Repper,arepperoc@yellowpages.com,Female,45.153.47.31
878,Addie,Plante,aplanteod521@amazon.de,Male,241.73.129.217
879,Kristian,Geddis,kgeddisoe@elpais.com,Male,125.54.192.226
880,Arvy,MacCarrick,amaccarrickof@example.com,Male,166.235.191.134
881,Adlai,Ellin,aellinog@plala.or.jp,Male,245.80.149.8
882,Brenna,Strang,bstrangoh@yolasite.com,Female,164.84.242.166
883,Filip,Espinoza,fespinozaoi@jugem.jp,Male,171.103.108.120
884,Kele,Kerrane,kkerraneoj@cornell.edu,Male,188.89.61.251
885,My,Tregido,mtregidook@quantcast.com,Male,183.178.178.81
886,Freddy,Ingleby,finglebyol@nifty.com,Male,156.71.8.197
887,Kylie,Cutten,kcuttenom@desdev.cn,Male,11.127.128.110
888,Costanza,McNiven,cmcnivenon@liveinternet.ru,Female,65.12.6.14
889,Idell,Knapman,iknapmanoo@de.vu,Female,43.196.201.233
890,Collete,Ratray,cratrayop@ycombinator.com,Female,31.223.225.11
891,Isis,Lutz,ilutzoq@tiny.cc,Female,108.210.188.78
892,Pat,Sustin,psustinor@nps.gov,Male,146.51.255.101
893,Trudie,Goldsworthy,tgoldsworthyos@linkedin.com,Female,4.185.104.50
894,Dulcia,Doornbos,ddoornbosot@cnn.com,Female,164.11.86.235
895,Millard,Bonny,mbonnyou@sbwire.com,Male,22.47.72.6
896,Johannah,Switland,jswitlandov@com.com,Female,112.82.71.162
897,Loydie,Smithen,lsmithenow@tumblr.com,Male,230.129.177.74
898,Joell,Servante,jservanteox@hud.gov,Female,19.10.129.198
899,Jemimah,Wilshaw,jwilshawoy@weebly.com,Female,38.45.240.68
900,Carla,Gribbell,cgribbelloz@yandex.ru,Female,23.60.172.126
901,Hendrick,Carbett,hcarbettp0@prlog.org,Male,47.233.171.175
902,Paulette,Girt,pgirtp1@dell.com,Female,78.209.187.93
903,Loree,Gundrey,lgundreyp2@artisteer.com,Female,71.4.7.75
904,Raimondo,Havile,rhavilep3@whitehouse.gov,Male,162.44.23.121
905,Sapphire,Rozenzweig,srozenzweigp4@who.int,Female,38.50.222.145
906,Fee,Rivenzon,frivenzonp5@livejournal.com,Male,95.235.57.228
907,Artemis,Morales,amoralesp6@theatlantic.com,Male,102.86.183.56
908,Petronille,Sarney,psarneyp7@wsj.com,Female,89.30.116.63
909,Levin,Mussared,lmussaredp8@forbes.com,Male,109.109.234.145
910,Oliy,Lambourn,olambournp9@geocities.jp,Female,89.51.70.245
911,Teddy,O'Ruane,toruanepa@biglobe.ne.jp,Male,133.165.50.175
912,Trudie,Taylot,ttaylotpb@patch.com,Female,43.155.227.107
913,Dennison,Hogbourne,dhogbournepc@statcounter.com,Male,128.136.34.174
914,Ninon,Corker,ncorkerpd@geocities.com,Female,209.182.69.189
915,Pepi,Margetson,pmargetsonpe@github.io,Female,246.129.111.35
916,Lil,Aleksandrikin,laleksandrikinpf@dropbox.com,Female,141.253.192.78
917,Durand,Vasovic,dvasovicpg@vimeo.com,Male,171.100.38.198
918,Vincenty,Cottesford,vcottesfordph@hhs.gov,Male,68.8.134.68
919,Robena,Costan,rcostanpi@bravesites.com,Female,125.128.178.2
920,Jillie,Boulde,jbouldepj@fotki.com,Female,28.195.44.245
921,Nari,Codeman,ncodemanpk@shareasale.com,Female,210.114.123.85
922,Tailor,McPolin,tmcpolinpl@wsj.com,Male,82.153.162.23
923,Vivi,Goulstone,vgoulstonepm@msu.edu,Female,65.234.98.112
924,Bobbette,Skittreal,bskittrealpn@theatlantic.com,Female,193.184.0.170
925,Nadeen,Tamblingson,ntamblingsonpo@hhs.gov,Female,241.145.20.174
926,Marj,Vanyukhin,mvanyukhinpp@feedburner.com,Female,0.176.80.33
927,Thorn,Tilbrook,ttilbrookpq@bloomberg.com,Male,212.5.72.158
928,Taryn,Honisch,thonischpr@ebay.co.uk,Female,99.211.212.163
929,Thomasina,Puxley,tpuxleyps@cafepress.com,Female,221.47.86.180
930,Gisella,Meadmore,gmeadmorept@oaic.gov.au,Female,1.105.115.213
931,Jan,Ormonde,jormondepu@businesswire.com,Male,214.64.8.103
932,Jacqueline,Hockell,jhockellpv@wordpress.org,Female,169.171.115.43
933,Verina,Lusgdin,vlusgdinpw@google.fr,Female,143.240.167.93
934,Dunstan,de Broke,ddebrokepx@europa.eu,Male,43.59.33.201
935,Arthur,Cushe,acushepy@sciencedirect.com,Male,48.6.207.49
936,Alexandro,Allcott,aallcottpz@yellowbook.com,Male,52.202.155.90
937,Amata,Catenot,acatenotq0@so-net.ne.jp,Female,56.47.155.243
938,Nadine,Coutthart,ncoutthartq1@rediff.com,Female,191.175.37.226
939,Dunstan,Piniur,dpiniurq2@economist.com,Male,12.215.208.101
940,Gwendolyn,Sommer,gsommerq3@zdnet.com,Female,143.174.194.14
941,Rochell,Ackred,rackredq4@purevolume.com,Female,150.207.104.12
942,Reilly,Baraclough,rbaracloughq5@jugem.jp,Male,72.221.143.73
943,Kristen,Adamski,kadamskiq6@nba.com,Female,193.69.158.110
944,Tremayne,Morland,tmorlandq7@1688.com,Male,224.174.112.96
945,Meaghan,Carek,mcarekq8@icio.us,Female,14.249.57.160
946,Hashim,Coen,hcoenq9@biglobe.ne.jp,Male,255.50.241.92
947,Isaiah,Fielding,ifieldingqa@rakuten.co.jp,Male,232.60.215.166
948,Care,Phillcock,cphillcockqb@skyrock.com,Male,9.243.64.7
949,Sibella,Stanlike,sstanlikeqc@themeforest.net,Female,74.230.199.176
950,Claudette,Kaszper,ckaszperqd@naver.com,Female,250.1.252.56
951,Vanni,Risdall,vrisdallqe@elpais.com,Female,107.80.31.202
952,Timmy,Chastanet,tchastanetqf@wsj.com,Male,143.103.103.63
953,Ysabel,Senner,ysennerqg@hhs.gov,Female,192.31.58.55
954,Madison,Canet,mcanetqh@mashable.com,Male,200.59.217.55
955,Ivy,Formigli,iformigliqi@freewebs.com,Female,226.21.180.244
956,Levi,Guiel,lguielqj@booking.com,Male,70.197.170.140
957,Alfonse,Broxup,abroxupqk@elegantthemes.com,Male,50.118.201.119
958,Gabby,Bastin,gbastinql@squarespace.com,Male,211.69.42.49
959,Joel,Biddwell,jbiddwellqm@nifty.com,Male,229.48.229.221
960,Fons,Mallabund,fmallabundqn@spiegel.de,Male,73.100.19.132
961,Meriel,Christofor,mchristoforqo@digg.com,Female,183.121.217.24
962,Caria,Dyter,cdyterqp@google.com.au,Female,47.166.118.127
963,Garey,Esslemont,gesslemontqq@scientificamerican.com,Male,68.169.183.248
964,Charlot,Skunes,cskunesqr@forbes.com,Female,9.150.158.243
965,Pamella,De Domenico,pdedomenicoqs@desdev.cn,Female,73.67.243.41
966,Arch,Doody,adoodyqt@icio.us,Male,244.166.1.29
967,Terra,Torrisi,ttorrisiqu@apache.org,Female,194.169.115.177
968,Tedda,Varney,tvarneyqv@ehow.com,Female,133.70.114.231
969,Reginauld,Bordis,rbordisqw@blinklist.com,Male,71.190.11.198
970,Tallie,Tabour,ttabourqx@sciencedirect.com,Female,0.124.136.243
971,Elianore,Bravington,ebravingtonqy@goo.gl,Female,185.176.25.241
972,Annabel,Sparkwill,asparkwillqz@umn.edu,Female,3.232.124.197
973,Kelcey,Jankowski,kjankowskir0@naver.com,Female,48.114.33.39
974,Alta,Hiscoe,ahiscoer1@reddit.com,Female,52.189.57.236
975,Louise,Stoop,lstoopr2@tmall.com,Female,118.193.240.207
976,Elicia,Ainsley,eainsleyr3@techcrunch.com,Female,120.2.37.222
977,Theodora,Gunton,tguntonr4@people.com.cn,Female,221.112.253.45
978,Howie,Dorman,hdormanr5@google.nl,Male,75.76.172.237
979,Alyse,Aburrow,aaburrowr6@freewebs.com,Female,177.66.57.241
980,Beaufort,Simoncini,bsimoncinir7@independent.co.uk,Male,47.188.93.164
981,Mireielle,Chamberlaine,mchamberlainer8@is.gd,Female,212.204.5.113
982,Davide,Mabey,dmabeyr9@mediafire.com,Male,81.158.134.143
983,Dirk,Seegar,dseegarra@blogtalkradio.com,Male,201.12.116.77
984,Barney,Wilmington,bwilmingtonrb@sciencedaily.com,Male,230.174.162.85
985,Bernadina,Pettyfer,bpettyferrc@lulu.com,Female,92.238.219.174
986,Arnaldo,Clemits,aclemitsrd@yellowpages.com,Male,54.51.188.23
987,Marten,Wisher,mwisherre@comsenz.com,Male,74.164.161.152
988,Ailee,Cargenven,acargenvenrf@msu.edu,Female,141.228.193.224
989,Vincents,Rothschild,vrothschildrg@nifty.com,Male,188.218.228.74
990,Marlowe,Presman,mpresmanrh@yandex.ru,Male,17.71.212.109
991,Carmelle,Crumbie,ccrumbieri@ning.com,Female,202.245.251.154
992,Aurora,Le Barr,alebarrrj@booking.com,Female,186.49.225.214
993,Annabal,Robardet,arobardetrk@51.la,Female,172.26.106.43
994,Benedicta,MacAne,bmacanerl@google.com,Female,18.192.152.197
995,Margo,Barfield,mbarfieldrm@dailymail.co.uk,Female,195.174.186.209
996,Kacey,Libero,kliberorn@rediff.com,Female,213.12.89.169
997,Karlyn,Kuhne,kkuhnero@wunderground.com,Female,34.99.87.36
998,Ame,Bilbrook,abilbrookrp@plala.or.jp,Female,59.219.183.210
999,Bobine,Berriman,bberrimanrq@walmart.com,Female,253.141.49.173
1000,Sherie,Cristol,scristolrr@sitemeter.com,Female,246.132.73.227

